Ticket_ID,Priority,Issue_Category,Created_Time,Resolved_Time,Vendor_Name
TICK-1000,P2,Email Server Delay,2026-02-21 14:42:00,2026-02-22 00:22:57.842899,NetConnect Solutions
TICK-1001,P2,Printer Network Offline,2026-03-13 20:38:00,2026-03-14 06:00:32.962857,Internal IT Desk
TICK-1002,P1,Core Switch Failure,2026-03-24 22:10:00,2026-03-24 22:49:24.764391,NetConnect Solutions
TICK-1003,P3,Password Reset,2026-03-16 23:52:00,2026-03-17 11:20:31.612921,Malawi Cloud Partners
TICK-1004,P2,Email Server Delay,2026-01-24 02:21:00,2026-01-24 14:13:38.006030,NetConnect Solutions
TICK-1005,P1,Database Corruption,2026-02-22 01:23:00,2026-02-22 03:05:26.996303,NetConnect Solutions
TICK-1006,P3,Software Installation,2026-01-30 05:01:00,2026-01-30 17:18:14.801465,NetConnect Solutions
TICK-1007,P3,New Employee Onboarding Set,2026-03-05 20:32:00,2026-03-07 06:45:53.128968,InnoTech Hardware
TICK-1008,P3,New Employee Onboarding Set,2026-03-17 21:43:00,2026-03-18 07:03:42.310590,Malawi Cloud Partners
TICK-1009,P2,Email Server Delay,2026-03-30 16:26:00,2026-03-31 00:55:47.279364,NetConnect Solutions
TICK-1010,P3,Software Installation,2026-02-28 09:27:00,2026-02-28 20:49:53.162310,Malawi Cloud Partners
TICK-1011,P2,VPN Connectivity Issue,2026-03-01 15:14:00,2026-03-01 19:05:51.777437,NetConnect Solutions
TICK-1012,P3,New Employee Onboarding Set,2026-03-03 14:50:00,2026-03-03 20:41:03.476340,NetConnect Solutions
TICK-1013,P2,Printer Network Offline,2026-02-24 19:56:00,2026-02-25 07:12:39.082195,NetConnect Solutions
TICK-1014,P3,Software Installation,2026-01-03 04:50:00,2026-01-03 21:30:47.080578,InnoTech Hardware
TICK-1015,P2,VPN Connectivity Issue,2026-01-07 20:08:00,2026-01-07 23:40:20.252628,NetConnect Solutions
TICK-1016,P2,Email Server Delay,2026-02-08 17:03:00,2026-02-09 02:31:43.377747,Internal IT Desk
TICK-1017,P3,New Employee Onboarding Set,2026-03-30 13:49:00,2026-03-31 21:20:26.609251,Malawi Cloud Partners
TICK-1018,P3,Password Reset,2026-01-09 20:01:00,2026-01-10 08:45:04.919983,InnoTech Hardware
TICK-1019,P3,Software Installation,2026-03-25 14:59:00,2026-03-26 22:15:12.695042,NetConnect Solutions
TICK-1020,P3,New Employee Onboarding Set,2026-03-12 11:07:00,2026-03-13 20:55:39.109054,Internal IT Desk
TICK-1021,P1,Core Switch Failure,2026-02-16 02:13:00,2026-02-16 02:39:12.590432,Internal IT Desk
TICK-1022,P2,Printer Network Offline,2026-03-22 03:49:00,2026-03-22 06:18:16.208940,NetConnect Solutions
TICK-1023,P1,ERP System Down,2026-01-04 01:05:00,2026-01-04 01:15:26.060922,Internal IT Desk
TICK-1024,P3,Software Installation,2026-02-23 09:03:00,2026-02-24 04:53:40.879912,Malawi Cloud Partners
TICK-1025,P3,Software Installation,2026-02-23 17:25:00,2026-02-24 15:41:55.942109,Malawi Cloud Partners
TICK-1026,P3,Software Installation,2026-02-13 01:09:00,2026-02-13 13:41:41.656724,NetConnect Solutions
TICK-1027,P3,Password Reset,2026-03-03 03:13:00,2026-03-04 04:17:13.651353,Internal IT Desk
TICK-1028,P2,VPN Connectivity Issue,2026-02-17 14:07:00,2026-02-17 23:12:01.067162,Internal IT Desk
TICK-1029,P2,VPN Connectivity Issue,2026-03-19 22:59:00,2026-03-20 07:47:05.067783,NetConnect Solutions
TICK-1030,P3,New Employee Onboarding Set,2026-03-03 07:20:00,2026-03-03 16:24:31.308130,Internal IT Desk
TICK-1031,P3,New Employee Onboarding Set,2026-03-21 12:17:00,2026-03-21 17:13:09.287006,NetConnect Solutions
TICK-1032,P1,Core Switch Failure,2026-02-22 23:25:00,2026-02-23 00:01:43.993706,Internal IT Desk
TICK-1033,P3,Software Installation,2026-03-30 12:40:00,2026-03-31 18:50:29.801179,Malawi Cloud Partners
TICK-1034,P3,Password Reset,2026-01-29 14:44:00,2026-01-29 18:56:15.652422,Internal IT Desk
TICK-1035,P3,New Employee Onboarding Set,2026-03-06 06:08:00,2026-03-07 04:02:54.064778,NetConnect Solutions
TICK-1036,P2,VPN Connectivity Issue,2026-03-29 00:43:00,2026-03-29 08:06:59.473670,Internal IT Desk
TICK-1037,P1,Core Switch Failure,2026-01-08 23:10:00,2026-01-09 01:18:49.605796,InnoTech Hardware
TICK-1038,P2,VPN Connectivity Issue,2026-03-22 07:34:00,2026-03-22 12:59:07.397977,Malawi Cloud Partners
TICK-1039,P3,Software Installation,2026-02-04 00:58:00,2026-02-05 06:12:30.564312,NetConnect Solutions
TICK-1040,P3,Software Installation,2026-01-05 09:38:00,2026-01-06 12:17:41.424612,Internal IT Desk
TICK-1041,P3,Software Installation,2026-02-10 06:08:00,2026-02-10 21:12:05.728161,Malawi Cloud Partners
TICK-1042,P1,Database Corruption,2026-03-13 11:33:00,2026-03-13 14:37:41.409362,Malawi Cloud Partners
TICK-1043,P3,Password Reset,2026-02-02 15:54:00,2026-02-03 16:37:20.483720,Internal IT Desk
TICK-1044,P2,Printer Network Offline,2026-01-23 23:36:00,2026-01-24 01:49:16.447855,NetConnect Solutions
TICK-1045,P2,Printer Network Offline,2026-02-13 07:21:00,2026-02-13 17:03:14.667041,Internal IT Desk
TICK-1046,P1,ERP System Down,2026-02-04 00:34:00,2026-02-04 01:02:46.332278,Malawi Cloud Partners
TICK-1047,P3,New Employee Onboarding Set,2026-02-16 13:02:00,2026-02-17 07:28:39.785203,InnoTech Hardware
TICK-1048,P3,Software Installation,2026-01-01 04:25:00,2026-01-02 06:36:52.192410,NetConnect Solutions
TICK-1049,P3,New Employee Onboarding Set,2026-01-14 06:26:00,2026-01-15 07:22:39.691885,Internal IT Desk
TICK-1050,P3,Password Reset,2026-01-09 14:14:00,2026-01-09 23:04:01.869133,Malawi Cloud Partners
TICK-1051,P3,Software Installation,2026-03-31 09:59:00,2026-04-01 17:25:07.882609,Internal IT Desk
TICK-1052,P3,Password Reset,2026-03-18 18:31:00,2026-03-20 06:00:14.225045,NetConnect Solutions
TICK-1053,P2,Email Server Delay,2026-02-21 03:29:00,2026-02-21 07:46:58.365812,Malawi Cloud Partners
TICK-1054,P2,Printer Network Offline,2026-01-23 06:44:00,2026-01-23 15:15:00.005714,NetConnect Solutions
TICK-1055,P3,Software Installation,2026-01-15 10:28:00,2026-01-16 07:51:00.419227,Internal IT Desk
TICK-1056,P2,VPN Connectivity Issue,2026-02-05 12:31:00,2026-02-05 22:16:57.486701,NetConnect Solutions
TICK-1057,P2,VPN Connectivity Issue,2026-03-12 18:21:00,2026-03-13 03:57:36.863674,Malawi Cloud Partners
TICK-1058,P3,Software Installation,2026-01-28 01:41:00,2026-01-28 06:43:27.015877,Internal IT Desk
TICK-1059,P3,Software Installation,2026-02-14 20:05:00,2026-02-15 14:52:13.607896,Malawi Cloud Partners
TICK-1060,P1,ERP System Down,2026-01-28 11:43:00,2026-01-28 13:07:07.518984,NetConnect Solutions
TICK-1061,P2,Printer Network Offline,2026-03-25 10:57:00,2026-03-25 14:33:29.716887,NetConnect Solutions
TICK-1062,P3,New Employee Onboarding Set,2026-03-30 06:32:00,2026-03-31 05:25:18.405760,NetConnect Solutions
TICK-1063,P3,Software Installation,2026-01-01 19:12:00,2026-01-01 23:34:18.686197,NetConnect Solutions
TICK-1064,P3,New Employee Onboarding Set,2026-01-03 06:05:00,2026-01-04 01:26:28.953759,Malawi Cloud Partners
TICK-1065,P3,Password Reset,2026-03-13 08:36:00,2026-03-14 10:50:21.913282,InnoTech Hardware
TICK-1066,P3,Software Installation,2026-02-20 09:43:00,2026-02-20 14:59:04.088680,NetConnect Solutions
TICK-1067,P3,Password Reset,2026-01-24 14:58:00,2026-01-25 02:42:43.585827,NetConnect Solutions
TICK-1068,P3,Software Installation,2026-02-01 23:40:00,2026-02-02 19:37:51.915278,InnoTech Hardware
TICK-1069,P2,Printer Network Offline,2026-02-21 16:48:00,2026-02-22 00:23:47.352606,NetConnect Solutions
TICK-1070,P2,Email Server Delay,2026-02-27 19:11:00,2026-02-28 02:31:32.719415,Malawi Cloud Partners
TICK-1071,P2,Printer Network Offline,2026-02-08 01:02:00,2026-02-08 11:16:42.505688,NetConnect Solutions
TICK-1072,P2,Printer Network Offline,2026-02-25 16:58:00,2026-02-26 04:44:28.789907,Malawi Cloud Partners
TICK-1073,P3,Software Installation,2026-01-02 01:27:00,2026-01-03 07:44:09.971867,Malawi Cloud Partners
TICK-1074,P2,Email Server Delay,2026-02-23 22:36:00,2026-02-24 10:06:55.799077,NetConnect Solutions
TICK-1075,P3,Password Reset,2026-01-01 18:01:00,2026-01-02 17:02:58.268626,Malawi Cloud Partners
TICK-1076,P1,Core Switch Failure,2026-02-22 11:25:00,2026-02-22 11:56:57.071851,Internal IT Desk
TICK-1077,P3,New Employee Onboarding Set,2026-02-01 05:31:00,2026-02-01 20:22:44.662181,Internal IT Desk
TICK-1078,P2,Printer Network Offline,2026-03-09 22:10:00,2026-03-10 09:06:53.399618,InnoTech Hardware
TICK-1079,P3,New Employee Onboarding Set,2026-02-25 16:37:00,2026-02-26 12:00:20.121383,Malawi Cloud Partners
TICK-1080,P3,Software Installation,2026-01-24 04:51:00,2026-01-24 22:53:07.551340,Malawi Cloud Partners
TICK-1081,P1,ERP System Down,2026-03-11 21:10:00,2026-03-11 22:44:33.580249,InnoTech Hardware
TICK-1082,P3,Software Installation,2026-01-16 00:08:00,2026-01-16 14:39:42.808836,Malawi Cloud Partners
TICK-1083,P2,Email Server Delay,2026-02-28 05:15:00,2026-02-28 15:58:05.980043,Internal IT Desk
TICK-1084,P3,Software Installation,2026-01-03 19:59:00,2026-01-04 05:09:24.677086,InnoTech Hardware
TICK-1085,P3,Password Reset,2026-02-28 03:18:00,2026-02-28 17:56:02.644841,Malawi Cloud Partners
TICK-1086,P2,VPN Connectivity Issue,2026-03-31 02:18:00,2026-03-31 06:17:43.528233,Internal IT Desk
TICK-1087,P2,Email Server Delay,2026-01-20 06:51:00,2026-01-20 09:09:23.490079,Malawi Cloud Partners
TICK-1088,P3,New Employee Onboarding Set,2026-02-02 07:38:00,2026-02-03 15:25:04.992623,NetConnect Solutions
TICK-1089,P2,Printer Network Offline,2026-03-23 07:00:00,2026-03-23 13:15:17.760040,Internal IT Desk
TICK-1090,P3,New Employee Onboarding Set,2026-01-11 17:22:00,2026-01-12 14:45:08.220291,Internal IT Desk
TICK-1091,P3,Software Installation,2026-01-31 09:34:00,2026-01-31 14:30:26.240151,Internal IT Desk
TICK-1092,P2,Printer Network Offline,2026-01-07 15:25:00,2026-01-07 23:23:38.048349,Malawi Cloud Partners
TICK-1093,P3,Software Installation,2026-03-01 16:01:00,2026-03-02 14:58:18.757854,InnoTech Hardware
TICK-1094,P2,Email Server Delay,2026-01-01 15:11:00,2026-01-01 23:24:46.797008,InnoTech Hardware
TICK-1095,P3,Software Installation,2026-03-10 04:31:00,2026-03-11 09:20:55.223850,InnoTech Hardware
TICK-1096,P2,Printer Network Offline,2026-01-09 08:34:00,2026-01-09 14:17:42.550939,Internal IT Desk
TICK-1097,P2,Email Server Delay,2026-01-19 15:15:00,2026-01-19 17:56:28.780303,NetConnect Solutions
TICK-1098,P2,Printer Network Offline,2026-01-03 19:23:00,2026-01-04 01:26:00.748767,Internal IT Desk
TICK-1099,P3,New Employee Onboarding Set,2026-02-23 23:32:00,2026-02-25 00:44:13.971342,NetConnect Solutions
TICK-1100,P2,Printer Network Offline,2026-01-24 19:10:00,2026-01-25 00:17:17.330041,InnoTech Hardware
TICK-1101,P3,Password Reset,2026-03-13 03:37:00,2026-03-13 18:01:21.895399,NetConnect Solutions
TICK-1102,P2,VPN Connectivity Issue,2026-03-25 02:47:00,2026-03-25 07:08:37.816680,InnoTech Hardware
TICK-1103,P2,Printer Network Offline,2026-03-30 02:24:00,2026-03-30 09:35:51.862148,Internal IT Desk
TICK-1104,P3,New Employee Onboarding Set,2026-01-18 13:17:00,2026-01-19 07:04:18.242726,NetConnect Solutions
TICK-1105,P3,Password Reset,2026-03-07 21:34:00,2026-03-08 06:54:43.227790,NetConnect Solutions
TICK-1106,P3,Password Reset,2026-03-21 08:35:00,2026-03-22 09:49:30.281582,InnoTech Hardware
TICK-1107,P3,New Employee Onboarding Set,2026-02-02 03:32:00,2026-02-03 09:18:53.201620,Internal IT Desk
TICK-1108,P3,Software Installation,2026-01-14 20:47:00,2026-01-15 18:03:37.152711,Internal IT Desk
TICK-1109,P3,Software Installation,2026-01-20 23:07:00,2026-01-21 20:06:50.729626,NetConnect Solutions
TICK-1110,P1,ERP System Down,2026-01-07 02:16:00,2026-01-07 02:38:54.336428,InnoTech Hardware
TICK-1111,P3,New Employee Onboarding Set,2026-02-02 15:11:00,2026-02-02 22:29:21.191861,NetConnect Solutions
TICK-1112,P1,Core Switch Failure,2026-02-28 18:21:00,2026-02-28 19:06:34.920638,Malawi Cloud Partners
TICK-1113,P3,Password Reset,2026-01-22 13:29:00,2026-01-22 18:02:22.151829,InnoTech Hardware
TICK-1114,P3,New Employee Onboarding Set,2026-02-07 05:44:00,2026-02-08 04:17:48.928861,NetConnect Solutions
TICK-1115,P3,New Employee Onboarding Set,2026-02-20 21:07:00,2026-02-21 22:27:22.762469,InnoTech Hardware
TICK-1116,P1,Core Switch Failure,2026-01-27 01:20:00,2026-01-27 01:33:56.732278,NetConnect Solutions
TICK-1117,P2,Email Server Delay,2026-01-30 00:27:00,2026-01-30 04:04:25.748208,InnoTech Hardware
TICK-1118,P1,Core Switch Failure,2026-03-05 00:04:00,2026-03-05 00:19:16.903434,Internal IT Desk
TICK-1119,P3,Password Reset,2026-03-02 15:18:00,2026-03-03 03:28:11.311649,Malawi Cloud Partners
TICK-1120,P3,Software Installation,2026-01-04 02:48:00,2026-01-04 18:46:38.987575,Malawi Cloud Partners
TICK-1121,P2,VPN Connectivity Issue,2026-01-17 11:27:00,2026-01-17 21:45:31.578888,NetConnect Solutions
TICK-1122,P3,Password Reset,2026-01-30 13:52:00,2026-01-30 21:29:10.251158,Internal IT Desk
TICK-1123,P3,New Employee Onboarding Set,2026-01-06 02:59:00,2026-01-07 02:12:10.219301,NetConnect Solutions
TICK-1124,P3,Password Reset,2026-02-06 23:28:00,2026-02-08 00:48:35.118757,NetConnect Solutions
TICK-1125,P1,Core Switch Failure,2026-02-15 20:30:00,2026-02-15 20:45:36.929523,Internal IT Desk
TICK-1126,P2,Email Server Delay,2026-03-01 00:51:00,2026-03-01 06:55:08.686586,NetConnect Solutions
TICK-1127,P3,New Employee Onboarding Set,2026-03-04 20:31:00,2026-03-05 09:45:16.580605,NetConnect Solutions
TICK-1128,P3,Software Installation,2026-03-28 00:02:00,2026-03-29 04:31:09.987597,NetConnect Solutions
TICK-1129,P2,Email Server Delay,2026-01-18 09:30:00,2026-01-18 19:07:22.264852,Malawi Cloud Partners
TICK-1130,P2,Printer Network Offline,2026-02-23 02:39:00,2026-02-23 12:49:42.031782,NetConnect Solutions
TICK-1131,P3,Password Reset,2026-02-15 23:49:00,2026-02-16 14:19:29.517452,NetConnect Solutions
TICK-1132,P2,VPN Connectivity Issue,2026-02-01 14:21:00,2026-02-01 21:59:03.801385,InnoTech Hardware
TICK-1133,P2,Email Server Delay,2026-01-23 01:26:00,2026-01-23 09:23:53.477099,NetConnect Solutions
TICK-1134,P2,VPN Connectivity Issue,2026-01-02 16:39:00,2026-01-02 19:22:55.053256,Malawi Cloud Partners
TICK-1135,P2,Printer Network Offline,2026-02-02 08:42:00,2026-02-02 16:53:41.652456,Malawi Cloud Partners
TICK-1136,P3,Software Installation,2026-02-17 06:28:00,2026-02-18 14:05:36.036431,NetConnect Solutions
TICK-1137,P2,Email Server Delay,2026-02-11 22:25:00,2026-02-12 08:33:15.586380,NetConnect Solutions
TICK-1138,P2,VPN Connectivity Issue,2026-02-19 23:12:00,2026-02-20 06:27:58.456702,Malawi Cloud Partners
TICK-1139,P3,New Employee Onboarding Set,2026-03-01 06:56:00,2026-03-01 23:33:10.885304,InnoTech Hardware
TICK-1140,P3,New Employee Onboarding Set,2026-02-05 12:19:00,2026-02-06 15:12:44.552498,Malawi Cloud Partners
TICK-1141,P1,Database Corruption,2026-03-06 07:45:00,2026-03-06 08:35:43.615523,InnoTech Hardware
TICK-1142,P1,Database Corruption,2026-01-16 13:11:00,2026-01-16 13:36:06.758459,InnoTech Hardware
TICK-1143,P2,Printer Network Offline,2026-03-28 14:27:00,2026-03-29 01:47:39.696965,Internal IT Desk
TICK-1144,P2,Email Server Delay,2026-03-07 22:21:00,2026-03-08 05:12:31.383331,Malawi Cloud Partners
TICK-1145,P2,VPN Connectivity Issue,2026-02-20 21:57:00,2026-02-21 09:14:45.811587,InnoTech Hardware
TICK-1146,P3,Software Installation,2026-02-27 21:48:00,2026-02-28 21:19:50.451837,Malawi Cloud Partners
TICK-1147,P2,Email Server Delay,2026-02-21 09:05:00,2026-02-21 15:13:07.767655,NetConnect Solutions
TICK-1148,P3,Software Installation,2026-01-15 21:42:00,2026-01-16 23:29:44.776777,InnoTech Hardware
TICK-1149,P3,Password Reset,2026-03-01 04:32:00,2026-03-02 07:13:22.129350,InnoTech Hardware
TICK-1150,P3,Software Installation,2026-01-08 20:59:00,2026-01-10 06:21:05.086753,Malawi Cloud Partners
TICK-1151,P3,Password Reset,2026-01-05 06:03:00,2026-01-05 22:00:08.315486,NetConnect Solutions
TICK-1152,P3,Software Installation,2026-01-06 12:31:00,2026-01-06 16:35:57.678510,InnoTech Hardware
TICK-1153,P3,Software Installation,2026-02-16 02:54:00,2026-02-17 01:53:35.643163,Malawi Cloud Partners
TICK-1154,P2,Email Server Delay,2026-02-09 19:15:00,2026-02-09 22:59:51.843942,Malawi Cloud Partners
TICK-1155,P3,Password Reset,2026-01-13 17:59:00,2026-01-14 22:37:17.629469,Internal IT Desk
TICK-1156,P2,VPN Connectivity Issue,2026-01-30 18:16:00,2026-01-30 23:17:14.178066,NetConnect Solutions
TICK-1157,P3,Software Installation,2026-03-04 18:27:00,2026-03-05 19:48:41.748398,InnoTech Hardware
TICK-1158,P3,Software Installation,2026-02-27 22:25:00,2026-02-28 16:52:23.636591,Malawi Cloud Partners
TICK-1159,P2,Printer Network Offline,2026-03-31 20:22:00,2026-04-01 05:44:07.454818,NetConnect Solutions
TICK-1160,P2,Email Server Delay,2026-01-09 11:52:00,2026-01-09 14:49:25.723999,NetConnect Solutions
TICK-1161,P3,New Employee Onboarding Set,2026-01-01 00:46:00,2026-01-01 11:21:52.646153,Internal IT Desk
TICK-1162,P2,Email Server Delay,2026-02-03 21:47:00,2026-02-04 06:06:12.557497,Malawi Cloud Partners
TICK-1163,P2,VPN Connectivity Issue,2026-03-30 07:44:00,2026-03-30 12:28:43.449144,Malawi Cloud Partners
TICK-1164,P3,Password Reset,2026-01-01 15:38:00,2026-01-02 09:48:00.994573,InnoTech Hardware
TICK-1165,P3,Software Installation,2026-03-05 04:21:00,2026-03-05 08:51:22.589771,NetConnect Solutions
TICK-1166,P1,Database Corruption,2026-03-08 11:25:00,2026-03-08 12:02:01.143826,Malawi Cloud Partners
TICK-1167,P3,Password Reset,2026-01-16 18:36:00,2026-01-17 01:20:27.830354,Internal IT Desk
TICK-1168,P3,New Employee Onboarding Set,2026-03-27 13:27:00,2026-03-28 03:47:52.403956,NetConnect Solutions
TICK-1169,P2,Email Server Delay,2026-03-10 14:48:00,2026-03-10 17:29:39.258339,InnoTech Hardware
TICK-1170,P3,New Employee Onboarding Set,2026-03-03 19:04:00,2026-03-05 00:40:41.069701,Internal IT Desk
TICK-1171,P3,Software Installation,2026-03-17 15:25:00,2026-03-18 23:34:45.110887,Internal IT Desk
TICK-1172,P3,New Employee Onboarding Set,2026-03-31 15:20:00,2026-04-01 05:42:43.248359,Internal IT Desk
TICK-1173,P2,Printer Network Offline,2026-02-08 03:32:00,2026-02-08 15:28:29.017004,Malawi Cloud Partners
TICK-1174,P2,Printer Network Offline,2026-01-23 09:53:00,2026-01-23 19:11:23.418369,InnoTech Hardware
TICK-1175,P2,Email Server Delay,2026-03-10 03:33:00,2026-03-10 11:10:22.685372,Malawi Cloud Partners
TICK-1176,P2,VPN Connectivity Issue,2026-02-21 09:57:00,2026-02-21 19:29:54.161518,InnoTech Hardware
TICK-1177,P3,New Employee Onboarding Set,2026-01-19 00:55:00,2026-01-19 18:26:33.785863,Malawi Cloud Partners
TICK-1178,P3,New Employee Onboarding Set,2026-03-10 12:03:00,2026-03-11 01:40:38.278082,NetConnect Solutions
TICK-1179,P3,New Employee Onboarding Set,2026-01-16 23:15:00,2026-01-17 07:05:04.301032,NetConnect Solutions
TICK-1180,P2,Email Server Delay,2026-01-02 16:27:00,2026-01-03 01:49:18.488100,NetConnect Solutions
TICK-1181,P3,Software Installation,2026-02-01 19:23:00,2026-02-02 02:21:25.437433,NetConnect Solutions
TICK-1182,P1,ERP System Down,2026-01-12 17:34:00,2026-01-12 20:34:00.856951,InnoTech Hardware
TICK-1183,P3,Password Reset,2026-02-02 00:50:00,2026-02-02 09:55:51.823175,Malawi Cloud Partners
TICK-1184,P1,ERP System Down,2026-02-12 04:11:00,2026-02-12 04:34:12.868237,NetConnect Solutions
TICK-1185,P2,Email Server Delay,2026-03-08 00:32:00,2026-03-08 05:59:47.583669,NetConnect Solutions
TICK-1186,P3,Software Installation,2026-02-09 09:42:00,2026-02-10 16:06:32.959668,InnoTech Hardware
TICK-1187,P2,Printer Network Offline,2026-02-13 12:11:00,2026-02-13 22:55:00.119822,Internal IT Desk
TICK-1188,P3,Password Reset,2026-02-15 01:50:00,2026-02-16 00:13:12.466443,InnoTech Hardware
TICK-1189,P2,Printer Network Offline,2026-02-04 22:16:00,2026-02-05 09:34:21.427727,Internal IT Desk
TICK-1190,P3,Software Installation,2026-03-31 07:28:00,2026-03-31 23:38:47.803409,NetConnect Solutions
TICK-1191,P3,New Employee Onboarding Set,2026-01-26 09:25:00,2026-01-26 17:56:15.231277,Malawi Cloud Partners
TICK-1192,P2,VPN Connectivity Issue,2026-02-03 18:40:00,2026-02-03 23:53:31.007202,NetConnect Solutions
TICK-1193,P2,Printer Network Offline,2026-01-07 03:57:00,2026-01-07 08:11:10.119642,Malawi Cloud Partners
TICK-1194,P3,Software Installation,2026-03-16 23:35:00,2026-03-18 09:25:50.581303,Internal IT Desk
TICK-1195,P1,Database Corruption,2026-03-30 20:56:00,2026-03-30 21:29:52.996203,Malawi Cloud Partners
TICK-1196,P2,Printer Network Offline,2026-02-05 09:36:00,2026-02-05 20:34:57.418583,Malawi Cloud Partners
TICK-1197,P2,Printer Network Offline,2026-03-14 23:34:00,2026-03-15 11:05:40.710994,InnoTech Hardware
TICK-1198,P1,ERP System Down,2026-02-18 02:47:00,2026-02-18 02:58:41.122771,NetConnect Solutions
TICK-1199,P1,ERP System Down,2026-02-05 17:48:00,2026-02-05 18:11:49.292078,NetConnect Solutions
TICK-1200,P3,Password Reset,2026-01-24 22:31:00,2026-01-25 06:25:18.438005,Internal IT Desk
TICK-1201,P3,New Employee Onboarding Set,2026-02-06 11:48:00,2026-02-07 05:51:51.746531,Internal IT Desk
TICK-1202,P3,Software Installation,2026-02-24 12:22:00,2026-02-24 16:55:57.635667,NetConnect Solutions
TICK-1203,P3,Password Reset,2026-03-30 02:40:00,2026-03-30 19:02:00.288902,InnoTech Hardware
TICK-1204,P3,Software Installation,2026-01-30 16:48:00,2026-01-31 03:34:34.216397,Malawi Cloud Partners
TICK-1205,P3,New Employee Onboarding Set,2026-03-03 19:47:00,2026-03-04 19:36:26.140962,NetConnect Solutions
TICK-1206,P3,Password Reset,2026-03-30 21:12:00,2026-03-31 06:39:40.580185,InnoTech Hardware
TICK-1207,P1,Database Corruption,2026-02-28 18:48:00,2026-02-28 19:15:45.424833,Malawi Cloud Partners
TICK-1208,P3,New Employee Onboarding Set,2026-01-12 08:18:00,2026-01-13 08:04:39.552878,Internal IT Desk
TICK-1209,P2,Email Server Delay,2026-03-17 08:06:00,2026-03-17 16:15:07.899776,NetConnect Solutions
TICK-1210,P3,Software Installation,2026-01-28 13:30:00,2026-01-29 20:38:11.429981,Internal IT Desk
TICK-1211,P1,ERP System Down,2026-02-21 18:57:00,2026-02-21 19:43:41.817843,Internal IT Desk
TICK-1212,P2,Printer Network Offline,2026-01-16 20:04:00,2026-01-17 02:12:28.671091,InnoTech Hardware
TICK-1213,P2,Printer Network Offline,2026-01-12 19:58:00,2026-01-13 05:39:34.976171,NetConnect Solutions
TICK-1214,P2,Printer Network Offline,2026-03-26 03:52:00,2026-03-26 10:40:48.389459,Malawi Cloud Partners
TICK-1215,P3,Software Installation,2026-01-23 15:56:00,2026-01-24 20:15:45.387624,NetConnect Solutions
TICK-1216,P2,Email Server Delay,2026-02-08 12:52:00,2026-02-08 17:01:07.267393,NetConnect Solutions
TICK-1217,P3,Software Installation,2026-02-11 06:13:00,2026-02-12 17:26:40.656566,NetConnect Solutions
TICK-1218,P1,Database Corruption,2026-01-05 02:22:00,2026-01-05 03:22:13.386370,Internal IT Desk
TICK-1219,P2,VPN Connectivity Issue,2026-03-16 17:46:00,2026-03-17 00:18:37.584044,InnoTech Hardware
TICK-1220,P1,Core Switch Failure,2026-03-17 08:09:00,2026-03-17 08:23:37.911392,Malawi Cloud Partners
TICK-1221,P2,Email Server Delay,2026-02-27 11:16:00,2026-02-27 19:24:26.927203,NetConnect Solutions
TICK-1222,P2,Email Server Delay,2026-01-07 13:12:00,2026-01-08 00:45:43.998863,NetConnect Solutions
TICK-1223,P3,Password Reset,2026-02-09 09:08:00,2026-02-10 10:12:41.335243,NetConnect Solutions
TICK-1224,P3,Password Reset,2026-02-19 01:04:00,2026-02-19 07:30:43.222207,Internal IT Desk
TICK-1225,P3,Password Reset,2026-01-29 04:37:00,2026-01-29 16:42:52.331459,Malawi Cloud Partners
TICK-1226,P3,New Employee Onboarding Set,2026-03-24 07:47:00,2026-03-25 08:52:57.571838,InnoTech Hardware
TICK-1227,P2,VPN Connectivity Issue,2026-03-06 21:51:00,2026-03-07 05:59:21.609051,NetConnect Solutions
TICK-1228,P3,Password Reset,2026-01-17 06:24:00,2026-01-17 13:46:55.888885,InnoTech Hardware
TICK-1229,P2,Email Server Delay,2026-02-14 03:35:00,2026-02-14 06:00:00.224422,Internal IT Desk
TICK-1230,P3,New Employee Onboarding Set,2026-03-11 18:43:00,2026-03-12 01:01:24.115507,NetConnect Solutions
TICK-1231,P1,Core Switch Failure,2026-02-23 06:26:00,2026-02-23 07:29:56.455238,NetConnect Solutions
TICK-1232,P2,VPN Connectivity Issue,2026-03-15 18:38:00,2026-03-16 00:07:49.316271,Internal IT Desk
TICK-1233,P3,New Employee Onboarding Set,2026-03-08 12:12:00,2026-03-08 22:07:34.529418,InnoTech Hardware
TICK-1234,P2,Printer Network Offline,2026-02-27 19:27:00,2026-02-28 04:03:10.897909,NetConnect Solutions
TICK-1235,P1,ERP System Down,2026-03-13 08:38:00,2026-03-13 09:43:03.663402,Internal IT Desk
TICK-1236,P2,Email Server Delay,2026-01-01 02:12:00,2026-01-01 06:28:42.327032,Internal IT Desk
TICK-1237,P2,Printer Network Offline,2026-03-03 16:24:00,2026-03-03 18:30:15.397178,Malawi Cloud Partners
TICK-1238,P2,Printer Network Offline,2026-02-25 00:37:00,2026-02-25 09:03:20.553127,NetConnect Solutions
TICK-1239,P2,Email Server Delay,2026-01-06 11:44:00,2026-01-06 23:25:05.595993,InnoTech Hardware
TICK-1240,P1,Core Switch Failure,2026-02-01 12:46:00,2026-02-01 18:37:56.919093,InnoTech Hardware
TICK-1241,P2,Printer Network Offline,2026-01-21 15:53:00,2026-01-22 01:21:50.634459,Internal IT Desk
TICK-1242,P1,Core Switch Failure,2026-03-26 10:59:00,2026-03-26 11:09:34.187077,InnoTech Hardware
TICK-1243,P2,Printer Network Offline,2026-02-05 02:18:00,2026-02-05 08:03:35.744038,NetConnect Solutions
TICK-1244,P2,Printer Network Offline,2026-01-20 17:46:00,2026-01-20 21:24:12.616853,NetConnect Solutions
TICK-1245,P3,Software Installation,2026-02-18 13:14:00,2026-02-18 23:33:08.600432,Internal IT Desk
TICK-1246,P1,Core Switch Failure,2026-01-31 00:52:00,2026-01-31 01:22:18.405601,NetConnect Solutions
TICK-1247,P3,New Employee Onboarding Set,2026-02-23 21:02:00,2026-02-24 09:18:11.322658,NetConnect Solutions
TICK-1248,P2,Printer Network Offline,2026-01-16 22:56:00,2026-01-17 03:08:38.281372,NetConnect Solutions
TICK-1249,P3,New Employee Onboarding Set,2026-03-16 11:09:00,2026-03-17 09:00:00.083579,Internal IT Desk
TICK-1250,P3,Software Installation,2026-01-16 07:37:00,2026-01-16 21:51:30.892706,InnoTech Hardware
TICK-1251,P3,Password Reset,2026-03-17 23:27:00,2026-03-18 20:42:56.876601,Malawi Cloud Partners
TICK-1252,P2,VPN Connectivity Issue,2026-01-08 03:25:00,2026-01-08 12:16:10.728580,NetConnect Solutions
TICK-1253,P3,Password Reset,2026-01-08 17:27:00,2026-01-09 13:38:14.230228,InnoTech Hardware
TICK-1254,P2,VPN Connectivity Issue,2026-02-10 03:26:00,2026-02-10 11:20:12.516857,NetConnect Solutions
TICK-1255,P2,Printer Network Offline,2026-03-04 16:08:00,2026-03-04 19:38:56.497377,InnoTech Hardware
TICK-1256,P3,Password Reset,2026-02-02 20:19:00,2026-02-04 04:23:06.348462,InnoTech Hardware
TICK-1257,P2,Email Server Delay,2026-03-18 15:28:00,2026-03-18 23:02:49.523705,Malawi Cloud Partners
TICK-1258,P3,New Employee Onboarding Set,2026-01-13 13:34:00,2026-01-15 01:18:16.506395,InnoTech Hardware
TICK-1259,P2,Email Server Delay,2026-01-06 17:50:00,2026-01-07 02:24:32.171260,Malawi Cloud Partners
TICK-1260,P3,New Employee Onboarding Set,2026-03-10 14:24:00,2026-03-11 20:29:01.637892,Internal IT Desk
TICK-1261,P2,Email Server Delay,2026-03-07 09:55:00,2026-03-07 15:40:09.356560,NetConnect Solutions
TICK-1262,P3,Software Installation,2026-01-30 17:58:00,2026-02-01 01:06:15.105538,Malawi Cloud Partners
TICK-1263,P1,ERP System Down,2026-01-05 22:55:00,2026-01-05 22:55:59.901734,NetConnect Solutions
TICK-1264,P3,New Employee Onboarding Set,2026-02-02 21:00:00,2026-02-03 22:42:29.240393,NetConnect Solutions
TICK-1265,P3,Password Reset,2026-01-18 14:48:00,2026-01-19 22:51:10.167763,Malawi Cloud Partners
TICK-1266,P1,Core Switch Failure,2026-01-11 20:25:00,2026-01-11 21:18:34.695927,InnoTech Hardware
TICK-1267,P3,Software Installation,2026-03-04 21:58:00,2026-03-05 06:22:37.197983,InnoTech Hardware
TICK-1268,P2,Printer Network Offline,2026-01-27 16:12:00,2026-01-27 19:59:01.413035,Internal IT Desk
TICK-1269,P3,Password Reset,2026-02-02 01:40:00,2026-02-02 11:28:07.981047,Internal IT Desk
TICK-1270,P1,ERP System Down,2026-01-01 20:47:00,2026-01-01 23:53:37.216682,InnoTech Hardware
TICK-1271,P3,Software Installation,2026-02-24 05:27:00,2026-02-24 12:46:56.623632,Internal IT Desk
TICK-1272,P3,Software Installation,2026-03-22 04:30:00,2026-03-22 10:11:23.016246,Internal IT Desk
TICK-1273,P3,New Employee Onboarding Set,2026-01-05 05:02:00,2026-01-05 17:40:03.346959,InnoTech Hardware
TICK-1274,P2,Email Server Delay,2026-02-22 22:36:00,2026-02-23 02:05:23.990501,Malawi Cloud Partners
TICK-1275,P3,New Employee Onboarding Set,2026-02-22 04:09:00,2026-02-23 06:47:44.843682,Malawi Cloud Partners
TICK-1276,P3,Software Installation,2026-03-15 18:16:00,2026-03-16 12:21:10.924564,InnoTech Hardware
TICK-1277,P2,VPN Connectivity Issue,2026-03-26 13:08:00,2026-03-26 17:29:30.873569,InnoTech Hardware
TICK-1278,P2,VPN Connectivity Issue,2026-01-01 18:44:00,2026-01-02 04:44:49.208970,InnoTech Hardware
TICK-1279,P3,Password Reset,2026-03-18 03:00:00,2026-03-18 16:34:55.892409,Internal IT Desk
TICK-1280,P2,VPN Connectivity Issue,2026-02-01 01:27:00,2026-02-01 08:24:41.989828,Internal IT Desk
TICK-1281,P1,Database Corruption,2026-03-13 06:25:00,2026-03-13 13:30:13.262759,Malawi Cloud Partners
TICK-1282,P3,Password Reset,2026-02-03 21:53:00,2026-02-04 20:41:31.030371,Malawi Cloud Partners
TICK-1283,P3,Password Reset,2026-01-03 17:11:00,2026-01-04 07:53:15.700463,Malawi Cloud Partners
TICK-1284,P3,Password Reset,2026-03-06 21:43:00,2026-03-08 04:19:51.499431,Malawi Cloud Partners
TICK-1285,P3,Password Reset,2026-01-05 16:47:00,2026-01-06 06:20:33.186077,InnoTech Hardware
TICK-1286,P1,Database Corruption,2026-02-16 22:14:00,2026-02-16 23:04:32.191889,InnoTech Hardware
TICK-1287,P2,Email Server Delay,2026-03-26 13:01:00,2026-03-26 16:52:39.651042,Internal IT Desk
TICK-1288,P2,Printer Network Offline,2026-03-16 18:38:00,2026-03-17 01:27:46.879395,Internal IT Desk
TICK-1289,P3,Software Installation,2026-02-07 01:37:00,2026-02-08 04:54:38.608163,Malawi Cloud Partners
TICK-1290,P3,Software Installation,2026-02-19 01:17:00,2026-02-20 04:37:39.347941,Internal IT Desk
TICK-1291,P1,ERP System Down,2026-01-30 14:26:00,2026-01-30 15:50:47.804470,Malawi Cloud Partners
TICK-1292,P3,Password Reset,2026-02-20 01:51:00,2026-02-20 20:57:21.362019,Internal IT Desk
TICK-1293,P1,Core Switch Failure,2026-02-07 00:23:00,2026-02-07 00:27:06.347183,Internal IT Desk
TICK-1294,P2,Printer Network Offline,2026-03-20 22:41:00,2026-03-21 03:26:22.044192,InnoTech Hardware
TICK-1295,P2,VPN Connectivity Issue,2026-02-20 16:04:00,2026-02-20 21:46:43.455380,Internal IT Desk
TICK-1296,P2,Email Server Delay,2026-01-29 03:09:00,2026-01-29 07:49:53.004723,NetConnect Solutions
TICK-1297,P2,Printer Network Offline,2026-02-25 16:09:00,2026-02-25 18:36:54.021112,Internal IT Desk
TICK-1298,P3,Software Installation,2026-01-17 19:23:00,2026-01-18 10:27:10.035552,NetConnect Solutions
TICK-1299,P2,VPN Connectivity Issue,2026-03-10 01:05:00,2026-03-10 03:56:51.285987,InnoTech Hardware
TICK-1300,P1,Database Corruption,2026-02-22 01:12:00,2026-02-22 02:23:31.826077,Internal IT Desk
TICK-1301,P3,Software Installation,2026-02-12 15:10:00,2026-02-12 20:50:20.107694,NetConnect Solutions
TICK-1302,P3,Password Reset,2026-01-23 22:15:00,2026-01-25 09:35:44.256812,Malawi Cloud Partners
TICK-1303,P3,Password Reset,2026-03-16 21:15:00,2026-03-17 07:22:05.168809,Malawi Cloud Partners
TICK-1304,P2,Email Server Delay,2026-01-08 03:39:00,2026-01-08 15:07:13.295559,NetConnect Solutions
TICK-1305,P2,VPN Connectivity Issue,2026-01-04 23:24:00,2026-01-05 02:54:44.885834,NetConnect Solutions
TICK-1306,P2,Email Server Delay,2026-03-08 02:26:00,2026-03-08 11:16:15.147801,InnoTech Hardware
TICK-1307,P3,Software Installation,2026-02-01 17:57:00,2026-02-02 05:13:37.573923,NetConnect Solutions
TICK-1308,P3,Password Reset,2026-02-20 18:20:00,2026-02-21 20:59:02.603201,InnoTech Hardware
TICK-1309,P3,Password Reset,2026-01-05 17:27:00,2026-01-06 12:06:56.233904,Malawi Cloud Partners
TICK-1310,P2,Email Server Delay,2026-02-11 21:20:00,2026-02-12 08:47:25.133292,NetConnect Solutions
TICK-1311,P3,New Employee Onboarding Set,2026-03-11 00:04:00,2026-03-12 07:39:00.891848,Malawi Cloud Partners
TICK-1312,P3,New Employee Onboarding Set,2026-01-12 13:33:00,2026-01-13 02:50:55.686890,Malawi Cloud Partners
TICK-1313,P3,New Employee Onboarding Set,2026-02-18 13:25:00,2026-02-19 04:48:28.132661,Internal IT Desk
TICK-1314,P1,Database Corruption,2026-02-14 08:25:00,2026-02-14 09:26:53.439849,InnoTech Hardware
TICK-1315,P3,Software Installation,2026-02-16 21:46:00,2026-02-17 12:20:00.775473,Malawi Cloud Partners
TICK-1316,P3,Password Reset,2026-02-25 10:47:00,2026-02-25 21:20:22.322782,InnoTech Hardware
TICK-1317,P3,New Employee Onboarding Set,2026-03-02 16:25:00,2026-03-04 00:16:30.634565,Internal IT Desk
TICK-1318,P3,Software Installation,2026-02-05 00:07:00,2026-02-06 11:38:10.808387,Internal IT Desk
TICK-1319,P3,Software Installation,2026-02-21 14:46:00,2026-02-21 20:51:11.568913,Malawi Cloud Partners
TICK-1320,P2,VPN Connectivity Issue,2026-02-25 21:13:00,2026-02-26 04:36:13.264726,Internal IT Desk
TICK-1321,P1,Database Corruption,2026-03-31 22:13:00,2026-03-31 23:07:05.005235,Internal IT Desk
TICK-1322,P2,VPN Connectivity Issue,2026-03-29 01:44:00,2026-03-29 08:08:38.597697,InnoTech Hardware
TICK-1323,P2,Email Server Delay,2026-01-26 13:58:00,2026-01-26 16:54:25.299760,Malawi Cloud Partners
TICK-1324,P3,Password Reset,2026-02-25 18:06:00,2026-02-26 08:05:42.616537,NetConnect Solutions
TICK-1325,P2,Printer Network Offline,2026-01-03 14:22:00,2026-01-04 01:20:10.485495,Internal IT Desk
TICK-1326,P2,Printer Network Offline,2026-01-18 05:34:00,2026-01-18 13:08:41.526909,Internal IT Desk
TICK-1327,P2,VPN Connectivity Issue,2026-01-15 22:36:00,2026-01-16 04:13:51.626519,InnoTech Hardware
TICK-1328,P2,Email Server Delay,2026-01-28 09:38:00,2026-01-28 16:42:13.839739,Internal IT Desk
TICK-1329,P1,Database Corruption,2026-02-26 16:38:00,2026-02-26 19:59:58.783217,Internal IT Desk
TICK-1330,P2,Printer Network Offline,2026-03-27 11:24:00,2026-03-27 19:33:10.728903,Malawi Cloud Partners
TICK-1331,P3,Software Installation,2026-01-17 12:19:00,2026-01-18 18:01:55.127283,NetConnect Solutions
TICK-1332,P2,VPN Connectivity Issue,2026-01-25 03:09:00,2026-01-25 09:19:39.395254,NetConnect Solutions
TICK-1333,P1,Core Switch Failure,2026-03-08 08:44:00,2026-03-08 10:14:37.571631,Malawi Cloud Partners
TICK-1334,P3,New Employee Onboarding Set,2026-01-18 14:35:00,2026-01-18 23:46:29.288346,InnoTech Hardware
TICK-1335,P3,Password Reset,2026-03-27 01:46:00,2026-03-27 22:38:36.436469,InnoTech Hardware
TICK-1336,P3,Password Reset,2026-01-08 07:48:00,2026-01-08 14:20:27.638551,Malawi Cloud Partners
TICK-1337,P3,Software Installation,2026-03-24 09:40:00,2026-03-25 17:07:41.996524,Internal IT Desk
TICK-1338,P3,Password Reset,2026-01-06 19:25:00,2026-01-07 23:43:23.893645,InnoTech Hardware
TICK-1339,P2,Email Server Delay,2026-03-05 01:58:00,2026-03-05 10:29:00.045073,InnoTech Hardware
TICK-1340,P2,Printer Network Offline,2026-02-25 12:05:00,2026-02-25 22:16:33.183775,Malawi Cloud Partners
TICK-1341,P2,Printer Network Offline,2026-02-02 20:21:00,2026-02-02 23:28:45.955503,NetConnect Solutions
TICK-1342,P1,Core Switch Failure,2026-01-21 05:05:00,2026-01-21 05:54:02.632258,NetConnect Solutions
TICK-1343,P2,VPN Connectivity Issue,2026-01-04 10:29:00,2026-01-04 14:23:45.375045,InnoTech Hardware
TICK-1344,P3,Password Reset,2026-01-24 22:08:00,2026-01-25 20:36:19.168985,Internal IT Desk
TICK-1345,P3,New Employee Onboarding Set,2026-01-03 18:30:00,2026-01-05 01:29:58.540002,InnoTech Hardware
TICK-1346,P3,Software Installation,2026-02-09 04:35:00,2026-02-10 08:14:26.753491,Internal IT Desk
TICK-1347,P2,VPN Connectivity Issue,2026-01-24 05:01:00,2026-01-24 07:03:17.416828,Internal IT Desk
TICK-1348,P2,Email Server Delay,2026-03-25 10:03:00,2026-03-25 18:36:10.166749,NetConnect Solutions
TICK-1349,P3,New Employee Onboarding Set,2026-03-20 05:53:00,2026-03-20 12:20:59.386977,InnoTech Hardware
TICK-1350,P3,New Employee Onboarding Set,2026-02-20 01:14:00,2026-02-20 12:07:49.040885,NetConnect Solutions
TICK-1351,P2,Email Server Delay,2026-03-16 07:25:00,2026-03-16 17:02:53.590485,InnoTech Hardware
TICK-1352,P3,Password Reset,2026-02-20 12:43:00,2026-02-21 21:37:55.623669,Malawi Cloud Partners
TICK-1353,P3,New Employee Onboarding Set,2026-01-05 05:25:00,2026-01-05 11:18:27.616137,InnoTech Hardware
TICK-1354,P2,VPN Connectivity Issue,2026-03-09 18:19:00,2026-03-10 05:03:32.162069,NetConnect Solutions
TICK-1355,P3,Software Installation,2026-01-20 16:11:00,2026-01-21 08:39:20.281432,InnoTech Hardware
TICK-1356,P2,Printer Network Offline,2026-02-16 00:25:00,2026-02-16 06:13:58.029835,Internal IT Desk
TICK-1357,P2,VPN Connectivity Issue,2026-01-14 05:36:00,2026-01-14 15:37:24.755850,Malawi Cloud Partners
TICK-1358,P2,Printer Network Offline,2026-01-11 03:12:00,2026-01-11 09:24:51.985497,NetConnect Solutions
TICK-1359,P3,Password Reset,2026-01-03 00:05:00,2026-01-03 08:09:42.696126,InnoTech Hardware
TICK-1360,P2,VPN Connectivity Issue,2026-02-19 23:09:00,2026-02-20 09:24:37.405860,InnoTech Hardware
TICK-1361,P3,Software Installation,2026-01-05 22:09:00,2026-01-07 09:34:03.209464,Internal IT Desk
TICK-1362,P3,Password Reset,2026-02-13 01:12:00,2026-02-14 01:18:13.030325,InnoTech Hardware
TICK-1363,P2,Printer Network Offline,2026-02-09 01:19:00,2026-02-09 07:48:54.319487,InnoTech Hardware
TICK-1364,P1,Core Switch Failure,2026-03-06 04:08:00,2026-03-06 04:17:08.193536,Internal IT Desk
TICK-1365,P1,ERP System Down,2026-01-17 08:10:00,2026-01-17 09:06:55.804434,NetConnect Solutions
TICK-1366,P3,New Employee Onboarding Set,2026-01-15 23:37:00,2026-01-16 13:07:41.795448,NetConnect Solutions
TICK-1367,P3,Software Installation,2026-02-04 16:04:00,2026-02-04 21:36:26.054705,NetConnect Solutions
TICK-1368,P3,New Employee Onboarding Set,2026-03-03 11:49:00,2026-03-04 02:42:34.753154,Malawi Cloud Partners
TICK-1369,P3,Password Reset,2026-03-19 20:55:00,2026-03-20 08:34:51.571574,Internal IT Desk
TICK-1370,P2,Printer Network Offline,2026-03-16 08:33:00,2026-03-16 16:22:41.046063,Internal IT Desk
TICK-1371,P3,Password Reset,2026-03-17 02:34:00,2026-03-18 03:38:56.648080,InnoTech Hardware
TICK-1372,P3,Password Reset,2026-01-01 07:21:00,2026-01-02 10:57:07.574295,NetConnect Solutions
TICK-1373,P3,Software Installation,2026-03-01 07:10:00,2026-03-02 14:57:37.133528,Internal IT Desk
TICK-1374,P3,New Employee Onboarding Set,2026-01-14 02:20:00,2026-01-14 07:08:16.353594,NetConnect Solutions
TICK-1375,P2,Printer Network Offline,2026-02-06 04:18:00,2026-02-06 15:24:24.356860,Internal IT Desk
TICK-1376,P3,Password Reset,2026-03-19 03:24:00,2026-03-19 18:18:21.968616,NetConnect Solutions
TICK-1377,P2,Email Server Delay,2026-02-11 17:39:00,2026-02-12 01:57:47.071911,NetConnect Solutions
TICK-1378,P3,Software Installation,2026-03-13 06:39:00,2026-03-14 08:17:44.316941,Internal IT Desk
TICK-1379,P3,Software Installation,2026-01-14 18:37:00,2026-01-15 19:29:16.234700,InnoTech Hardware
TICK-1380,P2,Email Server Delay,2026-01-23 14:32:00,2026-01-23 23:58:09.380982,InnoTech Hardware
TICK-1381,P2,Email Server Delay,2026-01-25 16:32:00,2026-01-25 19:14:33.559781,Malawi Cloud Partners
TICK-1382,P1,Core Switch Failure,2026-03-07 13:52:00,2026-03-07 14:49:33.806609,NetConnect Solutions
TICK-1383,P3,Password Reset,2026-02-20 06:50:00,2026-02-20 19:41:29.008258,InnoTech Hardware
TICK-1384,P2,Printer Network Offline,2026-03-11 05:02:00,2026-03-11 11:51:13.478092,NetConnect Solutions
TICK-1385,P3,Password Reset,2026-01-07 18:07:00,2026-01-08 13:17:38.026034,NetConnect Solutions
TICK-1386,P3,Password Reset,2026-02-11 19:14:00,2026-02-13 02:33:56.466929,Malawi Cloud Partners
TICK-1387,P2,Email Server Delay,2026-01-29 00:51:00,2026-01-29 11:17:21.286054,InnoTech Hardware
TICK-1388,P2,Printer Network Offline,2026-01-27 03:28:00,2026-01-27 09:51:07.385587,NetConnect Solutions
TICK-1389,P2,Email Server Delay,2026-02-07 00:36:00,2026-02-07 11:55:03.133900,Malawi Cloud Partners
TICK-1390,P3,Password Reset,2026-01-27 22:32:00,2026-01-28 22:16:46.062657,NetConnect Solutions
TICK-1391,P2,VPN Connectivity Issue,2026-03-09 21:01:00,2026-03-10 04:45:52.063954,InnoTech Hardware
TICK-1392,P2,VPN Connectivity Issue,2026-01-10 04:58:00,2026-01-10 07:24:54.728449,InnoTech Hardware
TICK-1393,P1,Database Corruption,2026-03-15 00:53:00,2026-03-15 01:09:15.066243,Malawi Cloud Partners
TICK-1394,P2,Email Server Delay,2026-02-07 12:30:00,2026-02-07 21:12:33.948171,Internal IT Desk
TICK-1395,P3,Software Installation,2026-02-16 03:44:00,2026-02-16 17:13:43.024255,Internal IT Desk
TICK-1396,P3,Password Reset,2026-03-29 19:55:00,2026-03-30 23:00:04.525567,Malawi Cloud Partners
TICK-1397,P3,New Employee Onboarding Set,2026-01-15 07:04:00,2026-01-16 10:01:44.308769,InnoTech Hardware
TICK-1398,P1,Core Switch Failure,2026-01-29 14:03:00,2026-01-29 17:07:43.970813,InnoTech Hardware
TICK-1399,P1,Core Switch Failure,2026-03-17 12:01:00,2026-03-17 14:26:00.554972,Malawi Cloud Partners
TICK-1400,P1,ERP System Down,2026-01-27 18:50:00,2026-01-27 19:38:51.739187,InnoTech Hardware
TICK-1401,P1,ERP System Down,2026-02-05 03:25:00,2026-02-05 03:59:51.169411,Malawi Cloud Partners
TICK-1402,P3,Software Installation,2026-02-12 04:19:00,2026-02-13 04:59:30.279361,InnoTech Hardware
TICK-1403,P2,Printer Network Offline,2026-01-11 09:39:00,2026-01-11 17:38:12.926483,InnoTech Hardware
TICK-1404,P3,New Employee Onboarding Set,2026-02-07 05:07:00,2026-02-07 12:49:12.972289,Malawi Cloud Partners
TICK-1405,P3,Password Reset,2026-01-23 14:25:00,2026-01-24 14:49:43.441075,Internal IT Desk
TICK-1406,P3,Software Installation,2026-02-15 10:11:00,2026-02-16 16:42:42.842789,Malawi Cloud Partners
TICK-1407,P1,Database Corruption,2026-03-31 12:39:00,2026-03-31 14:25:50.112750,NetConnect Solutions
TICK-1408,P2,Printer Network Offline,2026-03-03 17:24:00,2026-03-04 01:10:19.195922,InnoTech Hardware
TICK-1409,P3,New Employee Onboarding Set,2026-03-01 10:11:00,2026-03-02 08:03:35.604071,Malawi Cloud Partners
TICK-1410,P2,Email Server Delay,2026-03-09 04:55:00,2026-03-09 13:26:22.499349,Internal IT Desk
TICK-1411,P3,Password Reset,2026-02-06 07:41:00,2026-02-07 00:36:29.033952,Malawi Cloud Partners
TICK-1412,P2,Printer Network Offline,2026-01-31 08:53:00,2026-01-31 19:30:02.729817,NetConnect Solutions
TICK-1413,P2,VPN Connectivity Issue,2026-02-20 13:39:00,2026-02-20 19:29:32.626325,Malawi Cloud Partners
TICK-1414,P3,New Employee Onboarding Set,2026-02-10 21:10:00,2026-02-12 01:27:57.238167,InnoTech Hardware
TICK-1415,P2,VPN Connectivity Issue,2026-01-23 00:45:00,2026-01-23 02:52:23.149309,Internal IT Desk
TICK-1416,P3,New Employee Onboarding Set,2026-01-21 13:35:00,2026-01-22 06:09:30.630760,Internal IT Desk
TICK-1417,P3,Password Reset,2026-02-23 22:56:00,2026-02-24 16:42:36.979791,Internal IT Desk
TICK-1418,P3,New Employee Onboarding Set,2026-01-01 21:54:00,2026-01-03 08:11:33.438796,NetConnect Solutions
TICK-1419,P1,Database Corruption,2026-02-09 14:20:00,2026-02-09 15:02:51.910530,Internal IT Desk
TICK-1420,P2,VPN Connectivity Issue,2026-02-16 08:52:00,2026-02-16 18:47:01.929333,InnoTech Hardware
TICK-1421,P2,Printer Network Offline,2026-01-09 09:51:00,2026-01-09 20:19:17.021629,Malawi Cloud Partners
TICK-1422,P3,Password Reset,2026-02-26 20:25:00,2026-02-28 08:02:01.743301,Internal IT Desk
TICK-1423,P1,ERP System Down,2026-02-10 02:51:00,2026-02-10 03:04:37.916843,NetConnect Solutions
TICK-1424,P2,VPN Connectivity Issue,2026-01-25 10:37:00,2026-01-25 17:40:16.384245,Internal IT Desk
TICK-1425,P1,Core Switch Failure,2026-01-02 06:17:00,2026-01-02 06:20:34.794292,Malawi Cloud Partners
TICK-1426,P3,Software Installation,2026-02-03 16:42:00,2026-02-04 01:49:14.872681,InnoTech Hardware
TICK-1427,P2,Printer Network Offline,2026-02-28 11:58:00,2026-02-28 18:33:06.828320,NetConnect Solutions
TICK-1428,P1,Core Switch Failure,2026-02-20 21:23:00,2026-02-20 21:34:06.659287,Malawi Cloud Partners
TICK-1429,P2,Printer Network Offline,2026-01-25 06:51:00,2026-01-25 17:44:02.532203,InnoTech Hardware
TICK-1430,P3,New Employee Onboarding Set,2026-03-11 20:23:00,2026-03-12 03:12:20.836277,NetConnect Solutions
TICK-1431,P3,Software Installation,2026-02-02 16:28:00,2026-02-02 21:27:24.016673,Internal IT Desk
TICK-1432,P3,Password Reset,2026-03-04 10:21:00,2026-03-05 05:38:31.597212,NetConnect Solutions
TICK-1433,P3,New Employee Onboarding Set,2026-01-26 17:20:00,2026-01-27 05:14:03.735552,Malawi Cloud Partners
TICK-1434,P2,Email Server Delay,2026-02-18 06:16:00,2026-02-18 16:32:05.339057,Malawi Cloud Partners
TICK-1435,P2,VPN Connectivity Issue,2026-03-25 08:48:00,2026-03-25 15:52:28.069180,NetConnect Solutions
TICK-1436,P2,VPN Connectivity Issue,2026-01-20 21:21:00,2026-01-21 07:39:24.786379,Internal IT Desk
TICK-1437,P2,VPN Connectivity Issue,2026-03-04 07:48:00,2026-03-04 11:11:31.081248,InnoTech Hardware
TICK-1438,P2,VPN Connectivity Issue,2026-03-12 00:31:00,2026-03-12 07:24:20.321945,Malawi Cloud Partners
TICK-1439,P3,Software Installation,2026-01-13 22:50:00,2026-01-15 07:00:12.260600,InnoTech Hardware
TICK-1440,P3,New Employee Onboarding Set,2026-02-25 18:31:00,2026-02-26 13:16:58.522969,Malawi Cloud Partners
TICK-1441,P2,Email Server Delay,2026-01-30 16:44:00,2026-01-31 03:15:32.080148,Internal IT Desk
TICK-1442,P3,New Employee Onboarding Set,2026-01-30 15:39:00,2026-01-30 23:53:09.298065,InnoTech Hardware
TICK-1443,P3,New Employee Onboarding Set,2026-01-19 17:00:00,2026-01-20 08:18:38.677311,InnoTech Hardware
TICK-1444,P3,New Employee Onboarding Set,2026-03-19 18:46:00,2026-03-20 22:38:03.076450,NetConnect Solutions
TICK-1445,P1,ERP System Down,2026-03-07 21:27:00,2026-03-07 23:09:45.715912,NetConnect Solutions
TICK-1446,P3,New Employee Onboarding Set,2026-02-07 18:03:00,2026-02-09 05:04:38.810133,Internal IT Desk
TICK-1447,P2,Printer Network Offline,2026-01-01 07:28:00,2026-01-01 10:24:12.207145,Internal IT Desk
TICK-1448,P3,New Employee Onboarding Set,2026-02-24 06:02:00,2026-02-25 01:45:31.374051,Malawi Cloud Partners
TICK-1449,P2,VPN Connectivity Issue,2026-02-01 09:09:00,2026-02-01 15:33:44.053692,Internal IT Desk
TICK-1450,P3,Password Reset,2026-03-24 13:33:00,2026-03-25 05:08:33.283634,NetConnect Solutions
TICK-1451,P3,New Employee Onboarding Set,2026-03-28 22:27:00,2026-03-29 17:02:28.812568,Malawi Cloud Partners
TICK-1452,P3,Password Reset,2026-02-01 17:06:00,2026-02-02 15:27:10.535208,InnoTech Hardware
TICK-1453,P2,Email Server Delay,2026-01-08 00:56:00,2026-01-08 04:01:33.511571,InnoTech Hardware
TICK-1454,P2,VPN Connectivity Issue,2026-03-08 23:22:00,2026-03-09 04:21:03.656845,NetConnect Solutions
TICK-1455,P2,Email Server Delay,2026-02-28 07:53:00,2026-02-28 14:21:59.485993,InnoTech Hardware
TICK-1456,P3,Software Installation,2026-03-08 18:32:00,2026-03-10 04:10:39.276295,NetConnect Solutions
TICK-1457,P2,VPN Connectivity Issue,2026-01-08 01:34:00,2026-01-08 03:52:19.780455,NetConnect Solutions
TICK-1458,P3,Password Reset,2026-03-29 13:31:00,2026-03-30 13:45:29.081468,Malawi Cloud Partners
TICK-1459,P2,VPN Connectivity Issue,2026-02-15 10:15:00,2026-02-15 15:35:02.663598,Malawi Cloud Partners
TICK-1460,P2,VPN Connectivity Issue,2026-03-09 19:36:00,2026-03-10 05:32:02.184515,NetConnect Solutions
TICK-1461,P3,New Employee Onboarding Set,2026-02-23 20:13:00,2026-02-25 08:02:43.523508,Internal IT Desk
TICK-1462,P1,ERP System Down,2026-02-24 15:17:00,2026-02-24 17:17:30.129544,InnoTech Hardware
TICK-1463,P3,Password Reset,2026-01-07 09:06:00,2026-01-07 17:40:16.353097,InnoTech Hardware
TICK-1464,P3,New Employee Onboarding Set,2026-02-02 22:20:00,2026-02-04 02:50:56.555458,NetConnect Solutions
TICK-1465,P3,Software Installation,2026-01-19 15:18:00,2026-01-20 08:04:16.341666,Internal IT Desk
TICK-1466,P1,Database Corruption,2026-02-05 17:01:00,2026-02-05 18:45:39.396588,Internal IT Desk
TICK-1467,P1,Core Switch Failure,2026-01-01 14:04:00,2026-01-01 15:15:41.515666,InnoTech Hardware
TICK-1468,P3,Password Reset,2026-01-20 10:41:00,2026-01-21 13:00:41.523004,NetConnect Solutions
TICK-1469,P3,Software Installation,2026-01-02 02:22:00,2026-01-03 10:10:22.377863,InnoTech Hardware
TICK-1470,P1,Core Switch Failure,2026-01-12 19:04:00,2026-01-12 21:50:06.409991,InnoTech Hardware
TICK-1471,P1,Database Corruption,2026-02-06 05:29:00,2026-02-06 07:20:26.571238,Malawi Cloud Partners
TICK-1472,P2,VPN Connectivity Issue,2026-01-09 01:52:00,2026-01-09 06:40:36.161961,Malawi Cloud Partners
TICK-1473,P3,Software Installation,2026-02-13 02:51:00,2026-02-13 15:22:02.555042,Malawi Cloud Partners
TICK-1474,P2,Email Server Delay,2026-03-27 11:23:00,2026-03-27 21:48:20.306868,NetConnect Solutions
TICK-1475,P3,New Employee Onboarding Set,2026-03-22 09:29:00,2026-03-22 14:33:38.689330,NetConnect Solutions
TICK-1476,P2,VPN Connectivity Issue,2026-02-28 13:22:00,2026-02-28 22:57:46.011433,NetConnect Solutions
TICK-1477,P3,Software Installation,2026-03-22 17:50:00,2026-03-24 01:34:30.735554,InnoTech Hardware
TICK-1478,P3,Software Installation,2026-03-22 13:08:00,2026-03-23 10:52:56.526494,Internal IT Desk
TICK-1479,P2,Email Server Delay,2026-02-09 01:44:00,2026-02-09 06:04:47.523904,Internal IT Desk
TICK-1480,P3,Password Reset,2026-01-25 06:08:00,2026-01-26 04:09:30.884846,Malawi Cloud Partners
TICK-1481,P3,New Employee Onboarding Set,2026-01-22 10:45:00,2026-01-22 23:26:06.360627,Internal IT Desk
TICK-1482,P2,Printer Network Offline,2026-01-04 12:33:00,2026-01-04 15:53:17.821068,Malawi Cloud Partners
TICK-1483,P3,New Employee Onboarding Set,2026-03-28 04:10:00,2026-03-29 08:07:23.930971,NetConnect Solutions
TICK-1484,P1,Core Switch Failure,2026-03-11 17:20:00,2026-03-11 18:24:24.547329,NetConnect Solutions
TICK-1485,P3,New Employee Onboarding Set,2026-02-11 03:40:00,2026-02-12 06:17:23.691355,Malawi Cloud Partners
TICK-1486,P3,Password Reset,2026-02-07 01:16:00,2026-02-07 05:23:20.055090,Internal IT Desk
TICK-1487,P3,New Employee Onboarding Set,2026-02-06 05:57:00,2026-02-06 20:04:14.321249,Internal IT Desk
TICK-1488,P3,New Employee Onboarding Set,2026-03-17 22:52:00,2026-03-18 11:31:09.306591,InnoTech Hardware
TICK-1489,P3,New Employee Onboarding Set,2026-03-27 20:26:00,2026-03-29 01:40:45.020749,Internal IT Desk
TICK-1490,P3,New Employee Onboarding Set,2026-02-26 05:26:00,2026-02-27 14:33:05.450172,InnoTech Hardware
TICK-1491,P1,ERP System Down,2026-02-09 01:11:00,2026-02-09 01:14:53.345271,Malawi Cloud Partners
TICK-1492,P2,VPN Connectivity Issue,2026-02-22 06:09:00,2026-02-22 16:35:32.953287,InnoTech Hardware
TICK-1493,P1,Database Corruption,2026-02-14 16:25:00,2026-02-14 16:51:24.035421,InnoTech Hardware
TICK-1494,P3,New Employee Onboarding Set,2026-03-26 13:01:00,2026-03-27 01:55:36.219830,NetConnect Solutions
TICK-1495,P3,Password Reset,2026-02-23 10:00:00,2026-02-24 20:12:26.761578,InnoTech Hardware
TICK-1496,P1,ERP System Down,2026-02-20 20:35:00,2026-02-20 22:05:32.673387,InnoTech Hardware
TICK-1497,P1,Database Corruption,2026-01-26 20:10:00,2026-01-26 21:12:07.581428,NetConnect Solutions
TICK-1498,P3,Software Installation,2026-02-09 10:35:00,2026-02-10 05:48:51.482613,NetConnect Solutions
TICK-1499,P3,New Employee Onboarding Set,2026-02-28 06:39:00,2026-02-28 22:29:02.487090,InnoTech Hardware
TICK-1500,P3,New Employee Onboarding Set,2026-02-23 01:54:00,2026-02-23 23:33:58.390808,Malawi Cloud Partners
TICK-1501,P3,New Employee Onboarding Set,2026-01-24 21:21:00,2026-01-25 22:23:07.121146,NetConnect Solutions
TICK-1502,P3,Password Reset,2026-03-10 23:32:00,2026-03-11 10:26:13.326241,Malawi Cloud Partners
TICK-1503,P3,New Employee Onboarding Set,2026-02-05 14:19:00,2026-02-06 03:45:58.730216,NetConnect Solutions
TICK-1504,P1,ERP System Down,2026-03-24 02:51:00,2026-03-24 03:25:07.964530,InnoTech Hardware
TICK-1505,P3,Password Reset,2026-03-22 12:42:00,2026-03-22 23:04:29.599668,Malawi Cloud Partners
TICK-1506,P2,Email Server Delay,2026-03-14 01:52:00,2026-03-14 10:32:07.199780,InnoTech Hardware
TICK-1507,P1,Database Corruption,2026-03-14 08:39:00,2026-03-14 09:49:38.117234,Malawi Cloud Partners
TICK-1508,P3,Software Installation,2026-01-17 00:24:00,2026-01-17 12:08:25.599385,Malawi Cloud Partners
TICK-1509,P2,Printer Network Offline,2026-03-02 10:39:00,2026-03-02 19:44:37.786815,Malawi Cloud Partners
TICK-1510,P2,Printer Network Offline,2026-02-11 06:34:00,2026-02-11 15:55:43.215302,NetConnect Solutions
TICK-1511,P3,Password Reset,2026-01-03 17:36:00,2026-01-04 06:08:00.982655,Malawi Cloud Partners
TICK-1512,P2,Printer Network Offline,2026-02-13 18:29:00,2026-02-13 20:53:59.645462,Internal IT Desk
TICK-1513,P3,New Employee Onboarding Set,2026-01-12 18:36:00,2026-01-13 13:09:26.656071,Internal IT Desk
TICK-1514,P2,VPN Connectivity Issue,2026-02-13 16:16:00,2026-02-14 04:01:36.497638,Internal IT Desk
TICK-1515,P3,Software Installation,2026-03-15 22:48:00,2026-03-17 03:26:42.225994,Malawi Cloud Partners
TICK-1516,P2,Email Server Delay,2026-02-16 11:15:00,2026-02-16 15:54:20.981987,NetConnect Solutions
TICK-1517,P2,Email Server Delay,2026-03-29 18:07:00,2026-03-30 01:17:46.578998,InnoTech Hardware
TICK-1518,P2,Email Server Delay,2026-01-21 16:22:00,2026-01-22 00:02:51.330444,Internal IT Desk
TICK-1519,P3,New Employee Onboarding Set,2026-03-21 05:07:00,2026-03-22 13:15:10.189230,InnoTech Hardware
TICK-1520,P1,Database Corruption,2026-01-25 17:24:00,2026-01-25 20:03:21.047769,InnoTech Hardware
TICK-1521,P3,New Employee Onboarding Set,2026-01-12 14:58:00,2026-01-13 01:35:37.334574,Internal IT Desk
TICK-1522,P2,Email Server Delay,2026-01-26 08:44:00,2026-01-26 17:50:04.875545,InnoTech Hardware
TICK-1523,P2,VPN Connectivity Issue,2026-01-26 14:31:00,2026-01-26 21:15:02.431734,Internal IT Desk
TICK-1524,P3,Password Reset,2026-01-10 15:06:00,2026-01-12 01:44:57.385074,Internal IT Desk
TICK-1525,P2,Printer Network Offline,2026-01-17 22:25:00,2026-01-18 10:19:47.804456,Internal IT Desk
TICK-1526,P3,Password Reset,2026-03-26 21:57:00,2026-03-27 04:22:09.700679,Internal IT Desk
TICK-1527,P2,Printer Network Offline,2026-01-07 13:14:00,2026-01-07 17:11:29.991029,Malawi Cloud Partners
TICK-1528,P3,Password Reset,2026-01-07 08:50:00,2026-01-08 13:50:08.277782,NetConnect Solutions
TICK-1529,P2,VPN Connectivity Issue,2026-02-17 07:49:00,2026-02-17 17:55:40.455718,NetConnect Solutions
TICK-1530,P2,Email Server Delay,2026-02-28 22:28:00,2026-03-01 03:03:56.579253,InnoTech Hardware
TICK-1531,P3,Password Reset,2026-03-23 19:38:00,2026-03-24 08:55:46.119053,Malawi Cloud Partners
TICK-1532,P3,Software Installation,2026-01-18 09:38:00,2026-01-19 11:42:47.969738,NetConnect Solutions
TICK-1533,P1,ERP System Down,2026-01-17 13:30:00,2026-01-17 14:31:54.046923,NetConnect Solutions
TICK-1534,P2,Printer Network Offline,2026-01-24 02:43:00,2026-01-24 08:52:23.118721,Malawi Cloud Partners
TICK-1535,P3,Software Installation,2026-03-01 12:33:00,2026-03-02 03:53:11.646510,InnoTech Hardware
TICK-1536,P3,Software Installation,2026-01-03 04:42:00,2026-01-04 04:34:08.669593,NetConnect Solutions
TICK-1537,P3,Software Installation,2026-02-09 22:22:00,2026-02-10 19:51:58.230640,Malawi Cloud Partners
TICK-1538,P2,Printer Network Offline,2026-02-08 14:55:00,2026-02-08 22:31:31.480681,Malawi Cloud Partners
TICK-1539,P2,Email Server Delay,2026-01-04 21:24:00,2026-01-05 08:22:36.288216,Internal IT Desk
TICK-1540,P1,Database Corruption,2026-01-13 17:32:00,2026-01-13 19:53:48.925457,InnoTech Hardware
TICK-1541,P2,VPN Connectivity Issue,2026-01-16 12:41:00,2026-01-17 00:17:22.571118,Internal IT Desk
TICK-1542,P2,Printer Network Offline,2026-03-07 22:34:00,2026-03-08 07:41:02.021007,Internal IT Desk
TICK-1543,P3,Password Reset,2026-02-11 01:29:00,2026-02-11 13:47:19.213422,Internal IT Desk
TICK-1544,P3,Software Installation,2026-01-13 12:17:00,2026-01-13 18:37:18.995946,InnoTech Hardware
TICK-1545,P1,Database Corruption,2026-02-01 02:58:00,2026-02-01 03:16:58.611282,Malawi Cloud Partners
TICK-1546,P3,New Employee Onboarding Set,2026-02-08 13:51:00,2026-02-10 00:02:54.423493,NetConnect Solutions
TICK-1547,P2,VPN Connectivity Issue,2026-01-29 16:28:00,2026-01-30 04:14:23.084688,Internal IT Desk
TICK-1548,P2,VPN Connectivity Issue,2026-03-03 20:43:00,2026-03-04 03:29:08.403833,Malawi Cloud Partners
TICK-1549,P2,VPN Connectivity Issue,2026-02-26 15:55:00,2026-02-27 00:34:57.617246,InnoTech Hardware
